<?xml version="1.0" encoding="UTF-8"?>
<export version="D">
  <design>
    <source>D:\hardware\pmod-7seg9 - new pwr\kicad\7seg9.sch</source>
    <date>5/20/2020 11:55:32 AM</date>
    <tool>Eeschema (5.1.5)-3</tool>
    <sheet number="1" name="/" tstamps="/">
      <title_block>
        <title>7SEG9 PMOD</title>
        <company>FM4DD</company>
        <rev>V1.2</rev>
        <date>2020-05-20</date>
        <source>7seg9.sch</source>
        <comment number="1" value="2020 (C) FM4DD"/>
        <comment number="2" value="SGM6603-5.0 Step-Up IC"/>
        <comment number="3" value="License: CC-BY-SA 4.0"/>
        <comment number="4" value=""/>
      </title_block>
    </sheet>
  </design>
  <components>
    <comp ref="J1">
      <value>PMOD_01x06</value>
      <footprint>Connector_PinHeader_2.54mm:PinHeader_1x06_P2.54mm_Horizontal</footprint>
      <datasheet>~</datasheet>
      <libsource lib="Connector_Generic" part="Conn_01x06" description="Generic connector, single row, 01x06, script generated (kicad-library-utils/schlib/autogen/connector/)"/>
      <sheetpath names="/" tstamps="/"/>
      <tstamp>5E55FA71</tstamp>
    </comp>
    <comp ref="DP1">
      <value>7SEG_C533SR-A</value>
      <footprint>01_FM4DD:7SEG_CS533SR-A</footprint>
      <datasheet>http://www.kyohritsu.jp/eclib/OTHER/DATASHEET/LED/osl40391xx.pdf</datasheet>
      <libsource lib="01_FM4DD" part="7SEG_C533SR-A" description="3-digit 7 segment red LED, common cathode"/>
      <sheetpath names="/" tstamps="/"/>
      <tstamp>5E562BA6</tstamp>
    </comp>
    <comp ref="DP2">
      <value>7SEG_C533SR-A</value>
      <footprint>01_FM4DD:7SEG_CS533SR-A</footprint>
      <datasheet>http://www.kyohritsu.jp/eclib/OTHER/DATASHEET/LED/osl40391xx.pdf</datasheet>
      <libsource lib="01_FM4DD" part="7SEG_C533SR-A" description="3-digit 7 segment red LED, common cathode"/>
      <sheetpath names="/" tstamps="/"/>
      <tstamp>5E5655C1</tstamp>
    </comp>
    <comp ref="R1">
      <value>10K</value>
      <footprint>Resistor_SMD:R_0603_1608Metric</footprint>
      <datasheet>~</datasheet>
      <libsource lib="Device" part="R" description="Resistor"/>
      <sheetpath names="/" tstamps="/"/>
      <tstamp>5E5E59B2</tstamp>
    </comp>
    <comp ref="R2">
      <value>10K</value>
      <footprint>Resistor_SMD:R_0603_1608Metric</footprint>
      <datasheet>~</datasheet>
      <libsource lib="Device" part="R" description="Resistor"/>
      <sheetpath names="/" tstamps="/"/>
      <tstamp>5E5E607C</tstamp>
    </comp>
    <comp ref="C3">
      <value>100uF</value>
      <footprint>Capacitor_SMD:CP_Elec_6.3x5.4</footprint>
      <datasheet>~</datasheet>
      <libsource lib="Device" part="CP_Small" description="Polarized capacitor, small symbol"/>
      <sheetpath names="/" tstamps="/"/>
      <tstamp>5EB7ACBB</tstamp>
    </comp>
    <comp ref="C1">
      <value>10uF</value>
      <footprint>Capacitor_SMD:C_0603_1608Metric</footprint>
      <datasheet>~</datasheet>
      <libsource lib="Device" part="C_Small" description="Unpolarized capacitor, small symbol"/>
      <sheetpath names="/" tstamps="/"/>
      <tstamp>5EB2BF1C</tstamp>
    </comp>
    <comp ref="L1">
      <value>4.7uH</value>
      <footprint>Inductor_SMD:L_0603_1608Metric</footprint>
      <datasheet>~</datasheet>
      <libsource lib="Device" part="L_Small" description="Inductor, small symbol"/>
      <sheetpath names="/" tstamps="/"/>
      <tstamp>5EB5A0F9</tstamp>
    </comp>
    <comp ref="C2">
      <value>10uF</value>
      <footprint>Capacitor_SMD:C_0603_1608Metric</footprint>
      <datasheet>~</datasheet>
      <libsource lib="Device" part="C_Small" description="Unpolarized capacitor, small symbol"/>
      <sheetpath names="/" tstamps="/"/>
      <tstamp>5EB71AA8</tstamp>
    </comp>
    <comp ref="DP3">
      <value>7SEG_C533SR-A</value>
      <footprint>01_FM4DD:7SEG_CS533SR-A</footprint>
      <datasheet>http://www.kyohritsu.jp/eclib/OTHER/DATASHEET/LED/osl40391xx.pdf</datasheet>
      <libsource lib="01_FM4DD" part="7SEG_C533SR-A" description="3-digit 7 segment red LED, common cathode"/>
      <sheetpath names="/" tstamps="/"/>
      <tstamp>5EC0D241</tstamp>
    </comp>
    <comp ref="U2">
      <value>TM1640</value>
      <footprint>01_FM4DD:SOP-28_7.5x17.9mm_P1.27mm</footprint>
      <fields>
        <field name="Vendor">Akizuki Denshi</field>
        <field name="Vendor Part Number">I-13224</field>
      </fields>
      <libsource lib="01_FM4DD" part="TM1640" description="SMD LED driver and keyboard scan, 7seg max 16-digits"/>
      <sheetpath names="/" tstamps="/"/>
      <tstamp>5EB71A62</tstamp>
    </comp>
    <comp ref="U1">
      <value>SGM6603-5.0</value>
      <footprint>Package_TO_SOT_SMD:SOT-23-6</footprint>
      <datasheet>http://www.sg-micro.com/uploads/soft/20190626/1561534022.pdf</datasheet>
      <fields>
        <field name="Vendor">SG Micro, LCSC</field>
        <field name="Vendor Part Number">L6920DB</field>
      </fields>
      <libsource lib="01_FM4DD" part="SGM6603-5.0" description="SG Micro 3.3/5V 400mA Step-Up Converter http://www.sg-micro.com/show-product-532.html"/>
      <sheetpath names="/" tstamps="/"/>
      <tstamp>5EC52181</tstamp>
    </comp>
  </components>
  <libparts>
    <libpart lib="01_FM4DD" part="7SEG_C533SR-A">
      <description>3-digit 7 segment red LED, common cathode</description>
      <docs>http://www.kyohritsu.jp/eclib/OTHER/DATASHEET/LED/osl40391xx.pdf</docs>
      <fields>
        <field name="Reference">D</field>
        <field name="Value">7SEG_C533SR-A</field>
        <field name="Footprint">01_FM4DD:7SEG_CS533SR-A</field>
      </fields>
      <pins>
        <pin num="1" name="E" type="input"/>
        <pin num="2" name="D" type="input"/>
        <pin num="3" name="DP" type="input"/>
        <pin num="4" name="C" type="input"/>
        <pin num="5" name="G" type="input"/>
        <pin num="6" name="NC" type="NotConnected"/>
        <pin num="7" name="B" type="input"/>
        <pin num="8" name="CC3" type="input"/>
        <pin num="9" name="CC2" type="input"/>
        <pin num="10" name="F" type="input"/>
        <pin num="11" name="A" type="input"/>
        <pin num="12" name="CC1" type="input"/>
      </pins>
    </libpart>
    <libpart lib="01_FM4DD" part="SGM6603-5.0">
      <description>SG Micro 3.3/5V 400mA Step-Up Converter http://www.sg-micro.com/show-product-532.html</description>
      <docs>http://www.sg-micro.com/uploads/soft/20190626/1561534022.pdf</docs>
      <fields>
        <field name="Reference">U?</field>
        <field name="Value">SGM6603-5.0</field>
        <field name="Footprint">Package_TO_SOT_SMD:SOT-23-6</field>
        <field name="Vendor">SG Micro, LCSC</field>
        <field name="Vendor Part Number">L6920DB</field>
      </fields>
      <pins>
        <pin num="1" name="SW" type="input"/>
        <pin num="2" name="GND" type="passive"/>
        <pin num="3" name="EN" type="input"/>
        <pin num="4" name="NC" type="NotConnected"/>
        <pin num="5" name="VOUT" type="power_out"/>
        <pin num="6" name="VCC" type="power_in"/>
      </pins>
    </libpart>
    <libpart lib="01_FM4DD" part="TM1640">
      <description>SMD LED driver and keyboard scan, 7seg max 16-digits</description>
      <fields>
        <field name="Reference">U?</field>
        <field name="Value">TM1640</field>
        <field name="Footprint">01_FM4DD:SOP-28_7.5x17.9mm_P1.27mm</field>
        <field name="Vendor">Akizuki Denshi</field>
        <field name="Vendor Part Number">I-13224</field>
      </fields>
      <pins>
        <pin num="1" name="GRID12" type="output"/>
        <pin num="2" name="GRID13" type="output"/>
        <pin num="3" name="GRID14" type="output"/>
        <pin num="4" name="GRID15" type="output"/>
        <pin num="5" name="Grid16" type="output"/>
        <pin num="6" name="GND" type="power_in"/>
        <pin num="7" name="DIN" type="input"/>
        <pin num="8" name="CLK" type="input"/>
        <pin num="9" name="SEG1" type="output"/>
        <pin num="10" name="SEG2" type="output"/>
        <pin num="11" name="SEG3" type="output"/>
        <pin num="12" name="SEG4" type="output"/>
        <pin num="13" name="SEG5" type="output"/>
        <pin num="14" name="SEG6" type="output"/>
        <pin num="15" name="SEG7" type="output"/>
        <pin num="16" name="SEG8" type="output"/>
        <pin num="17" name="VDD" type="power_in"/>
        <pin num="18" name="GRID1" type="output"/>
        <pin num="19" name="GRID2" type="output"/>
        <pin num="20" name="GRID3" type="output"/>
        <pin num="21" name="GRID4" type="output"/>
        <pin num="22" name="GRID5" type="output"/>
        <pin num="23" name="GRID6" type="output"/>
        <pin num="24" name="GRID7" type="output"/>
        <pin num="25" name="GRID8" type="output"/>
        <pin num="26" name="GRID9" type="output"/>
        <pin num="27" name="GRID10" type="output"/>
        <pin num="28" name="GRID11" type="output"/>
      </pins>
    </libpart>
    <libpart lib="Connector_Generic" part="Conn_01x06">
      <description>Generic connector, single row, 01x06, script generated (kicad-library-utils/schlib/autogen/connector/)</description>
      <docs>~</docs>
      <footprints>
        <fp>Connector*:*_1x??_*</fp>
      </footprints>
      <fields>
        <field name="Reference">J</field>
        <field name="Value">Conn_01x06</field>
      </fields>
      <pins>
        <pin num="1" name="Pin_1" type="passive"/>
        <pin num="2" name="Pin_2" type="passive"/>
        <pin num="3" name="Pin_3" type="passive"/>
        <pin num="4" name="Pin_4" type="passive"/>
        <pin num="5" name="Pin_5" type="passive"/>
        <pin num="6" name="Pin_6" type="passive"/>
      </pins>
    </libpart>
    <libpart lib="Device" part="CP_Small">
      <description>Polarized capacitor, small symbol</description>
      <docs>~</docs>
      <footprints>
        <fp>CP_*</fp>
      </footprints>
      <fields>
        <field name="Reference">C</field>
        <field name="Value">CP_Small</field>
      </fields>
      <pins>
        <pin num="1" name="~" type="passive"/>
        <pin num="2" name="~" type="passive"/>
      </pins>
    </libpart>
    <libpart lib="Device" part="C_Small">
      <description>Unpolarized capacitor, small symbol</description>
      <docs>~</docs>
      <footprints>
        <fp>C_*</fp>
      </footprints>
      <fields>
        <field name="Reference">C</field>
        <field name="Value">C_Small</field>
      </fields>
      <pins>
        <pin num="1" name="~" type="passive"/>
        <pin num="2" name="~" type="passive"/>
      </pins>
    </libpart>
    <libpart lib="Device" part="L_Small">
      <description>Inductor, small symbol</description>
      <docs>~</docs>
      <footprints>
        <fp>Choke_*</fp>
        <fp>*Coil*</fp>
        <fp>Inductor_*</fp>
        <fp>L_*</fp>
      </footprints>
      <fields>
        <field name="Reference">L</field>
        <field name="Value">L_Small</field>
      </fields>
      <pins>
        <pin num="1" name="~" type="passive"/>
        <pin num="2" name="~" type="passive"/>
      </pins>
    </libpart>
    <libpart lib="Device" part="R">
      <description>Resistor</description>
      <docs>~</docs>
      <footprints>
        <fp>R_*</fp>
      </footprints>
      <fields>
        <field name="Reference">R</field>
        <field name="Value">R</field>
      </fields>
      <pins>
        <pin num="1" name="~" type="passive"/>
        <pin num="2" name="~" type="passive"/>
      </pins>
    </libpart>
  </libparts>
  <libraries>
    <library logical="01_FM4DD">
      <uri>C:/projects/Library KiCad/kicad fm4dd.lib</uri>
    </library>
    <library logical="Connector_Generic">
      <uri>C:\Program Files\KiCad\share\kicad\library/Connector_Generic.lib</uri>
    </library>
    <library logical="Device">
      <uri>C:\Program Files\KiCad\share\kicad\library/Device.lib</uri>
    </library>
  </libraries>
  <nets>
    <net code="1" name="GND">
      <node ref="C2" pin="1"/>
      <node ref="C1" pin="2"/>
      <node ref="U1" pin="2"/>
      <node ref="C3" pin="2"/>
      <node ref="J1" pin="2"/>
      <node ref="U2" pin="6"/>
    </net>
    <net code="2" name="Net-(L1-Pad2)">
      <node ref="L1" pin="2"/>
      <node ref="U1" pin="1"/>
    </net>
    <net code="3" name="Net-(U2-Pad5)">
      <node ref="U2" pin="5"/>
    </net>
    <net code="4" name="Net-(U2-Pad4)">
      <node ref="U2" pin="4"/>
    </net>
    <net code="5" name="Net-(U2-Pad3)">
      <node ref="U2" pin="3"/>
    </net>
    <net code="6" name="Net-(U2-Pad28)">
      <node ref="U2" pin="28"/>
    </net>
    <net code="7" name="Net-(U2-Pad27)">
      <node ref="U2" pin="27"/>
    </net>
    <net code="8" name="/GRID9">
      <node ref="DP3" pin="8"/>
      <node ref="U2" pin="26"/>
    </net>
    <net code="9" name="/GRID1">
      <node ref="DP1" pin="12"/>
      <node ref="U2" pin="18"/>
    </net>
    <net code="10" name="/SEG1">
      <node ref="DP3" pin="11"/>
      <node ref="DP2" pin="11"/>
      <node ref="U2" pin="9"/>
      <node ref="DP1" pin="11"/>
    </net>
    <net code="11" name="/SEG2">
      <node ref="DP3" pin="7"/>
      <node ref="DP1" pin="7"/>
      <node ref="U2" pin="10"/>
      <node ref="DP2" pin="7"/>
    </net>
    <net code="12" name="/GRID2">
      <node ref="U2" pin="19"/>
      <node ref="DP1" pin="9"/>
    </net>
    <net code="13" name="/SEG6">
      <node ref="DP2" pin="10"/>
      <node ref="U2" pin="14"/>
      <node ref="DP3" pin="10"/>
      <node ref="DP1" pin="10"/>
    </net>
    <net code="14" name="/GRID8">
      <node ref="DP3" pin="9"/>
      <node ref="U2" pin="25"/>
    </net>
    <net code="15" name="/GRID6">
      <node ref="DP2" pin="8"/>
      <node ref="U2" pin="23"/>
    </net>
    <net code="16" name="/GRID7">
      <node ref="DP3" pin="12"/>
      <node ref="U2" pin="24"/>
    </net>
    <net code="17" name="/GRID3">
      <node ref="DP1" pin="8"/>
      <node ref="U2" pin="20"/>
    </net>
    <net code="18" name="/GRID4">
      <node ref="DP2" pin="12"/>
      <node ref="U2" pin="21"/>
    </net>
    <net code="19" name="/GRID5">
      <node ref="DP2" pin="9"/>
      <node ref="U2" pin="22"/>
    </net>
    <net code="20" name="Net-(U2-Pad1)">
      <node ref="U2" pin="1"/>
    </net>
    <net code="21" name="Net-(U2-Pad2)">
      <node ref="U2" pin="2"/>
    </net>
    <net code="22" name="+5V">
      <node ref="C3" pin="1"/>
      <node ref="C2" pin="2"/>
      <node ref="U2" pin="17"/>
      <node ref="U1" pin="5"/>
    </net>
    <net code="23" name="/SEG7">
      <node ref="DP2" pin="5"/>
      <node ref="DP3" pin="5"/>
      <node ref="U2" pin="15"/>
      <node ref="DP1" pin="5"/>
    </net>
    <net code="24" name="/SEG8">
      <node ref="DP3" pin="3"/>
      <node ref="DP1" pin="3"/>
      <node ref="U2" pin="16"/>
      <node ref="DP2" pin="3"/>
    </net>
    <net code="25" name="/SEG4">
      <node ref="U2" pin="12"/>
      <node ref="DP2" pin="2"/>
      <node ref="DP1" pin="2"/>
      <node ref="DP3" pin="2"/>
    </net>
    <net code="26" name="/SEG5">
      <node ref="DP3" pin="1"/>
      <node ref="DP2" pin="1"/>
      <node ref="DP1" pin="1"/>
      <node ref="U2" pin="13"/>
    </net>
    <net code="27" name="/SEG3">
      <node ref="DP3" pin="4"/>
      <node ref="DP1" pin="4"/>
      <node ref="DP2" pin="4"/>
      <node ref="U2" pin="11"/>
    </net>
    <net code="28" name="Net-(U1-Pad4)">
      <node ref="U1" pin="4"/>
    </net>
    <net code="29" name="Net-(J1-Pad6)">
      <node ref="J1" pin="6"/>
    </net>
    <net code="30" name="Net-(J1-Pad5)">
      <node ref="J1" pin="5"/>
    </net>
    <net code="31" name="/DIO">
      <node ref="R2" pin="2"/>
      <node ref="U2" pin="7"/>
      <node ref="J1" pin="4"/>
    </net>
    <net code="32" name="/CLK">
      <node ref="U2" pin="8"/>
      <node ref="J1" pin="3"/>
      <node ref="R1" pin="2"/>
    </net>
    <net code="33" name="+3V3">
      <node ref="L1" pin="1"/>
      <node ref="U1" pin="6"/>
      <node ref="U1" pin="3"/>
      <node ref="R1" pin="1"/>
      <node ref="R2" pin="1"/>
      <node ref="C1" pin="1"/>
      <node ref="J1" pin="1"/>
    </net>
    <net code="34" name="Net-(DP2-Pad6)">
      <node ref="DP2" pin="6"/>
    </net>
    <net code="35" name="Net-(DP1-Pad6)">
      <node ref="DP1" pin="6"/>
    </net>
    <net code="36" name="Net-(DP3-Pad6)">
      <node ref="DP3" pin="6"/>
    </net>
  </nets>
</export>
